andrei tarkovsky	Andrei Tarkovsky	676	./AA/wiki_02	1
ambiguity	Ambiguity	677	./AA/wiki_02	2
abel	Abel	678	./AA/wiki_02	3
animal (disambiguation)	Animal (disambiguation)	679	./AA/wiki_02	4
aardvark	Aardvark	680	./AA/wiki_02	5
aardwolf	Aardwolf	681	./AA/wiki_02	6
adobe	Adobe	682	./AA/wiki_02	7
adventure	Adventure	683	./AA/wiki_02	8
amaltheia	Amaltheia	686	./AA/wiki_02	9
analysis of variance	Analysis of Variance	687	./AA/wiki_02	10
asia	Asia	689	./AA/wiki_02	11
aruba	Aruba	690	./AA/wiki_02	12
articles of confederation	Articles of Confederation	691	./AA/wiki_02	13
archaeology/broch	Archaeology/Broch	693	./AA/wiki_02	14
asia minor (disambiguation)	Asia Minor (disambiguation)	694	./AA/wiki_02	15
aa river	Aa River	696	./AA/wiki_02	16
atlantic ocean	Atlantic Ocean	698	./AA/wiki_02	17
arthur schopenhauer	Arthur Schopenhauer	700	./AA/wiki_02	18
angola	Angola	701	./AA/wiki_02	19
demographics of angola	Demographics of Angola	704	./AA/wiki_02	20
politics of angola	Politics of Angola	705	./AA/wiki_02	21
economy of angola	Economy of Angola	706	./AA/wiki_02	22
transport in angola	Transport in Angola	708	./AA/wiki_02	23
angolan armed forces	Angolan Armed Forces	709	./AA/wiki_02	24
foreign relations of angola	Foreign relations of Angola	710	./AA/wiki_02	25
albert sidney johnston	Albert Sidney Johnston	711	./AA/wiki_02	26
android (robot)	Android (robot)	713	./AA/wiki_02	27
alberta	Alberta	717	./AA/wiki_02	28
astronomy/history	Astronomy/History	727	./AA/wiki_02	29
list of anthropologists	List of anthropologists	728	./AA/wiki_02	30
astronomy and astrophysics/history	Astronomy and Astrophysics/History	731	./AA/wiki_02	31
actinopterygii	Actinopterygii	734	./AA/wiki_02	32
al gore/criticisms	Al Gore/Criticisms	735	./AA/wiki_02	33
albert einstein	Albert Einstein	736	./AA/wiki_02	34
afghanistan	Afghanistan	737	./AA/wiki_02	35
albania	Albania	738	./AA/wiki_02	36
allah	Allah	740	./AA/wiki_02	37
algorithms (journal)	Algorithms (journal)	742	./AA/wiki_02	38
antigua and barbuda	Antigua And Barbuda	743	./AA/wiki_02	39
azerbaijan	Azerbaijan	746	./AA/wiki_02	40
amateur astronomy	Amateur astronomy	748	./AA/wiki_02	41
astronomers and astrophysicists	Astronomers and Astrophysicists	749	./AA/wiki_02	42
andorra	Andorra	600	./AA/wiki_01	1
andorra/transnational issues	Andorra/Transnational issues	609	./AA/wiki_01	2
arithmetic mean	Arithmetic mean	612	./AA/wiki_01	3
american football conference	American Football Conference	615	./AA/wiki_01	4
albert gore	Albert Gore	617	./AA/wiki_01	5
anenquiryconcerninghumanunderstanding	AnEnquiryConcerningHumanUnderstanding	618	./AA/wiki_01	6
animal farm	Animal Farm	620	./AA/wiki_01	7
amphibian	Amphibian	621	./AA/wiki_01	8
albert arnold gore/criticisms	Albert Arnold Gore/Criticisms	622	./AA/wiki_01	9
alaska	Alaska	624	./AA/wiki_01	10
auteur theory film	Auteur Theory Film	626	./AA/wiki_01	11
agriculture	Agriculture	627	./AA/wiki_01	12
aldous huxley	Aldous Huxley	628	./AA/wiki_01	13
abstract algebra	Abstract Algebra	629	./AA/wiki_01	14
ada	Ada	630	./AA/wiki_01	15
aberdeen (disambiguation)	Aberdeen (disambiguation)	632	./AA/wiki_01	16
algae	Algae	633	./AA/wiki_01	17
analysis of variance	Analysis of variance	634	./AA/wiki_01	18
anova	ANOVA	635	./AA/wiki_01	19
alkane	Alkane	639	./AA/wiki_01	20
appellate procedure in the united states	Appellate procedure in the United States	640	./AA/wiki_01	21
answer (law)	Answer (law)	642	./AA/wiki_01	22
appellate court	Appellate court	643	./AA/wiki_01	23
arithmetic and logic unit	Arithmetic and logic unit	644	./AA/wiki_01	24
actress	Actress	648	./AA/wiki_01	25
arraignment	Arraignment	649	./AA/wiki_01	26
america the beautiful	America the Beautiful	651	./AA/wiki_01	27
assistive technology	Assistive technology	653	./AA/wiki_01	28
accessible computing	Accessible computing	654	./AA/wiki_01	29
abacus	Abacus	655	./AA/wiki_01	30
acid	Acid	656	./AA/wiki_01	31
bitumen	Bitumen	657	./AA/wiki_01	32
american national standards institute	American National Standards Institute	659	./AA/wiki_01	33
argument (disambiguation)	Argument (disambiguation)	661	./AA/wiki_01	34
apollo 11	Apollo 11	662	./AA/wiki_01	35
apollo 8	Apollo 8	663	./AA/wiki_01	36
astronaut	Astronaut	664	./AA/wiki_01	37
a modest proposal	A Modest Proposal	665	./AA/wiki_01	38
alkali metal	Alkali metal	666	./AA/wiki_01	39
argument form	Argument form	668	./AA/wiki_01	40
allotrope	Allotrope	669	./AA/wiki_01	41
alphabet	Alphabet	670	./AA/wiki_01	42
atomic number	Atomic number	673	./AA/wiki_01	43
anatomy	Anatomy	674	./AA/wiki_01	44
affirming the consequent	Affirming the consequent	675	./AA/wiki_01	45
accessiblecomputing	AccessibleComputing	10	./AA/wiki_00	1
anarchism	Anarchism	12	./AA/wiki_00	2
afghanistanhistory	AfghanistanHistory	13	./AA/wiki_00	3
afghanistangeography	AfghanistanGeography	14	./AA/wiki_00	4
afghanistanpeople	AfghanistanPeople	15	./AA/wiki_00	5
afghanistancommunications	AfghanistanCommunications	18	./AA/wiki_00	6
afghanistantransportations	AfghanistanTransportations	19	./AA/wiki_00	7
afghanistanmilitary	AfghanistanMilitary	20	./AA/wiki_00	8
afghanistantransnationalissues	AfghanistanTransnationalIssues	21	./AA/wiki_00	9
assistivetechnology	AssistiveTechnology	23	./AA/wiki_00	10
amoeboidtaxa	AmoeboidTaxa	24	./AA/wiki_00	11
autism spectrum	Autism spectrum	25	./AA/wiki_00	12
albaniahistory	AlbaniaHistory	27	./AA/wiki_00	13
albaniapeople	AlbaniaPeople	29	./AA/wiki_00	14
aswemaythink	AsWeMayThink	30	./AA/wiki_00	15
albaniagovernment	AlbaniaGovernment	35	./AA/wiki_00	16
albaniaeconomy	AlbaniaEconomy	36	./AA/wiki_00	17
albedo	Albedo	39	./AA/wiki_00	18
afroasiaticlanguages	AfroAsiaticLanguages	40	./AA/wiki_00	19
artificallanguages	ArtificalLanguages	42	./AA/wiki_00	20
abacus	AbacuS	46	./AA/wiki_00	21
abalone	AbalonE	47	./AA/wiki_00	22
ʿabbādid	ʿAbbādid	48	./AA/wiki_00	23
abbess	AbbesS	49	./AA/wiki_00	24
abbevillefrance	AbbevilleFrance	50	./AA/wiki_00	25
abbey	AbbeY	51	./AA/wiki_00	26
abbot	AbboT	52	./AA/wiki_00	27
abbreviations	Abbreviations	53	./AA/wiki_00	28
atlasshrugged	AtlasShrugged	54	./AA/wiki_00	29
artificiallanguages	ArtificialLanguages	56	./AA/wiki_00	30
atlasshruggedcharacters	AtlasShruggedCharacters	58	./AA/wiki_00	31
atlasshruggedcompanies	AtlasShruggedCompanies	59	./AA/wiki_00	32
ayersmusicpublishingcompany	AyersMusicPublishingCompany	60	./AA/wiki_00	33
africanamericanpeople	AfricanAmericanPeople	241	./AA/wiki_00	34
adolfhitler	AdolfHitler	242	./AA/wiki_00	35
abecedarians	AbeceDarians	247	./AA/wiki_00	36
abel	AbeL	248	./AA/wiki_00	37
abensberggermany	AbensbergGermany	249	./AA/wiki_00	38
aberdeensouthdakota	AberdeenSouthDakota	251	./AA/wiki_00	39
arthurkoestler	ArthurKoestler	254	./AA/wiki_00	40
aynrand	AynRand	255	./AA/wiki_00	41
alexanderthegreat	AlexanderTheGreat	256	./AA/wiki_00	42
anchoragealaska	AnchorageAlaska	258	./AA/wiki_00	43
argumentforms	ArgumentForms	259	./AA/wiki_00	44
argumentsfortheexistenceofgod	ArgumentsForTheExistenceOfGod	260	./AA/wiki_00	45
anarchy	AnarchY	263	./AA/wiki_00	46
asciiart	AsciiArt	264	./AA/wiki_00	47
academyawards	AcademyAwards	269	./AA/wiki_00	48
academyawards/bestpicture	AcademyAwards/BestPicture	270	./AA/wiki_00	49
austrialanguage	AustriaLanguage	271	./AA/wiki_00	50
academicelitism	AcademicElitism	272	./AA/wiki_00	51
axiomofchoice	AxiomOfChoice	274	./AA/wiki_00	52
americanfootball	AmericanFootball	276	./AA/wiki_00	53
america	AmericA	278	./AA/wiki_00	54
annakournikova	AnnaKournikova	279	./AA/wiki_00	55
andorra	AndorrA	280	./AA/wiki_00	56
austroasiaticlanguages	AustroAsiaticLanguages	287	./AA/wiki_00	57
actresses	ActresseS	289	./AA/wiki_00	58
a	A	290	./AA/wiki_00	59
anarchocapitalism	AnarchoCapitalism	291	./AA/wiki_00	60
anarchocapitalists	AnarchoCapitalists	293	./AA/wiki_00	61
actressess	ActressesS	296	./AA/wiki_00	62
anamericaninparis	AnAmericanInParis	299	./AA/wiki_00	63
automorphism	AutoMorphism	301	./AA/wiki_00	64
actionfilm	ActionFilm	302	./AA/wiki_00	65
alabama	Alabama	303	./AA/wiki_00	66
africa	AfricA	304	./AA/wiki_00	67
achilles	Achilles	305	./AA/wiki_00	68
appliedstatistics	AppliedStatistics	306	./AA/wiki_00	69
abraham lincoln	Abraham Lincoln	307	./AA/wiki_00	70
aristotle	Aristotle	308	./AA/wiki_00	71
an american in paris	An American in Paris	309	./AA/wiki_00	72
academy award for best production design	Academy Award for Best Production Design	316	./AA/wiki_00	73
academy awards	Academy Awards	324	./AA/wiki_00	74
action film	Action Film	325	./AA/wiki_00	75
actrius	Actrius	330	./AA/wiki_00	76
animalia (book)	Animalia (book)	332	./AA/wiki_00	77
international atomic time	International Atomic Time	334	./AA/wiki_00	78
altruism	Altruism	336	./AA/wiki_00	79
autoracing	AutoRacing	338	./AA/wiki_00	80
ayn rand	Ayn Rand	339	./AA/wiki_00	81
alain connes	Alain Connes	340	./AA/wiki_00	82
allan dwan	Allan Dwan	344	./AA/wiki_00	83
algeria/people	Algeria/People	347	./AA/wiki_00	84
algeria/transnational issues	Algeria/Transnational Issues	353	./AA/wiki_00	85
algeria	Algeria	358	./AA/wiki_00	86
list of atlas shrugged characters	List of Atlas Shrugged characters	359	./AA/wiki_00	87
topics of note in atlas shrugged	Topics of note in Atlas Shrugged	369	./AA/wiki_00	88
anthropology	Anthropology	569	./AA/wiki_00	89
agricultural science	Agricultural science	572	./AA/wiki_00	90
alchemy	Alchemy	573	./AA/wiki_00	91
alien	Alien	579	./AA/wiki_00	92
astronomer	Astronomer	580	./AA/wiki_00	93
ameboid stage	Ameboid stage	583	./AA/wiki_00	94
ascii	ASCII	586	./AA/wiki_00	95
ashmore and cartier islands	Ashmore And Cartier Islands	589	./AA/wiki_00	96
austin	Austin	590	./AA/wiki_00	97
animation	Animation	593	./AA/wiki_00	98
apollo	Apollo	594	./AA/wiki_00	99
andre agassi	Andre Agassi	595	./AA/wiki_00	100
artificial languages	Artificial languages	596	./AA/wiki_00	101
austroasiatic languages	Austroasiatic languages	597	./AA/wiki_00	102
afro-asiatic languages	Afro-asiatic languages	598	./AA/wiki_00	103
afroasiatic languages	Afroasiatic languages	599	./AA/wiki_00	104
